text,source
Artists Wanted Edition 19: Share music - discover music - like music,SpotifyCommunity
Artists Wanted Edition No 18 - Vote for your favourite song,SpotifyCommunity
[Guidelines] Discovery & Promo,SpotifyCommunity
Superuser ContributionArtists Wanted Edition 19: Share music - discover music - like music,SpotifyCommunity
Artist and Genre Algorithm needs improvement,SpotifyCommunity
Discovery algorithm issue,SpotifyCommunity
ACTUAL Promos And Deals,SpotifyCommunity
Quick & Easy Playlist Merge - No Hassle,SpotifyCommunity
Incorrect Release On Profile option is useless,SpotifyCommunity
3 month vodacom pass,SpotifyCommunity
Superuser ContributionFollow for follow,SpotifyCommunity
Superuser ContributionFollow for Follow,SpotifyCommunity
2 New Releases,SpotifyCommunity
All-Time-Top-Songs,SpotifyCommunity
"Personalized playlists, autoplay and mixes streams declined 400-500% when migrating to distributor",SpotifyCommunity
Pop Playlist Suggestions,SpotifyCommunity
EDM Christian - Hard to get on playlists,SpotifyCommunity
Follow for follow,SpotifyCommunity
Make unpopular Music free for Radio play pls.,SpotifyCommunity
Best Songs March 2026,SpotifyCommunity
Greet your new muse!,SpotifyCommunity
International indie dance duo looking for fellow indie dance artists,SpotifyCommunity
send you music to my list for 100% free : ),SpotifyCommunity
Salvamento de single Spotify,SpotifyCommunity
ALL TIME KPOP SONGS FROM 2007 -,SpotifyCommunity
ALL TIME JAPANESE SONGS,SpotifyCommunity
My own fav EDM playlist,SpotifyCommunity
talabat voucher,SpotifyCommunity
Why did spotify ask me if i went to X concert?,SpotifyCommunity
play without shuffle,SpotifyCommunity
Please give my music a listen :),SpotifyCommunity
Solved!!Entire listening history,SpotifyCommunity
"Solved!!FOR MORE LISENERS,FOR  THE COMPANY'S PROFITABILITY.",SpotifyCommunity
Need Help Identifying Song,SpotifyCommunity
19M Bedroom Pop artist,SpotifyCommunity
一念 张紫宁 李鑫一,SpotifyCommunity
Sharing my page,SpotifyCommunity
"🎶 MCPS Music Officially Launches in India: British Sound, Connecting the World! 🎶",SpotifyCommunity
Superuser ContributionPetty Mood playlist,SpotifyCommunity
Looking for second part artist,SpotifyCommunity
"PRS Music officially launches in India: British sound, connecting the world.",SpotifyCommunity
My Latest Single,SpotifyCommunity
Stop,SpotifyCommunity
Need feedback: My Techno Workout playlist,SpotifyCommunity
Discovery artist+ spotify playlist suggestion,SpotifyCommunity
New  hypno synth po single from LËV,SpotifyCommunity
Looking for feedback on my new Brazilian Chillout playlist,SpotifyCommunity
Looking for information on “This Is” playlist.,SpotifyCommunity
Discover weekly playlist,SpotifyCommunity
Absinthe SV,SpotifyCommunity
